{
  "appState": {
    "viewBackgroundColor": "#ffffff"
  },
  "elements": [
    "{\"id\":\"eJsqCcq9DF7LQyhHmSs-T\",\"type\":\"line\",\"x\":368,\"y\":305,\"width\":126.39999389648438,\"height\":102.39999389648438,\"angle\":0,\"strokeColor\":\"#1e1e1e\",\"backgroundColor\":\"transparent\",\"fillStyle\":\"solid\",\"strokeWidth\":2,\"strokeStyle\":\"solid\",\"roughness\":1,\"opacity\":100,\"groupIds\":[],\"frameId\":null,\"roundness\":{\"type\":2},\"seed\":1207763044,\"version\":27,\"versionNonce\":759298140,\"isDeleted\":false,\"boundElements\":null,\"updated\":1719927667647,\"link\":null,\"locked\":false,\"points\":[[0,0],[126.39999389648438,102.39999389648438]],\"lastCommittedPoint\":null,\"startBinding\":null,\"endBinding\":null,\"startArrowhead\":null,\"endArrowhead\":null}",
    "{\"id\":\"EuzVWUETErOMKIfHZdV0_\",\"type\":\"freedraw\",\"x\":307.20001220703125,\"y\":146.60000610351562,\"width\":133.60000610351562,\"height\":241.59999084472656,\"angle\":0,\"strokeColor\":\"#1e1e1e\",\"backgroundColor\":\"transparent\",\"fillStyle\":\"solid\",\"strokeWidth\":2,\"strokeStyle\":\"solid\",\"roughness\":1,\"opacity\":100,\"groupIds\":[],\"frameId\":null,\"roundness\":null,\"seed\":1117537416,\"version\":42,\"versionNonce\":1185337336,\"isDeleted\":false,\"boundElements\":null,\"updated\":1719927659001,\"link\":null,\"locked\":false,\"points\":[[0,0],[0.79998779296875,8.800003051757812],[3.199981689453125,32.80000305175781],[4.79998779296875,46.399993896484375],[4.79998779296875,58.399993896484375],[5.600006103515625,70.39999389648438],[6.399993896484375,80.80000305175781],[6.399993896484375,92.80000305175781],[8,114.39999389648438],[8,124.79998779296875],[8,135.20001220703125],[8.79998779296875,144.79998779296875],[11.199981689453125,169.60000610351562],[12,176.79998779296875],[12,180],[13.600006103515625,184.79998779296875],[14.399993896484375,188],[14.399993896484375,191.20001220703125],[14.399993896484375,193.60000610351562],[16,196.79998779296875],[16,199.20001220703125],[16.79998779296875,199.20001220703125],[16.79998779296875,200.79998779296875],[17.600006103515625,200.79998779296875],[18.399993896484375,200.79998779296875],[20,200.79998779296875],[22.399993896484375,198.39999389648438],[32,181.60000610351562],[36,170.39999389648438],[44,159.20001220703125],[49.600006103515625,147.20001220703125],[56.79998779296875,132],[62.399993896484375,116],[75.19998168945312,81.59999084472656],[86.39999389648438,58.399993896484375],[94.39999389648438,40],[102.39999389648438,22.399993896484375],[112,6.399993896484375],[120.79998779296875,-13.600006103515625],[133.60000610351562,-40.80000305175781],[133.60000610351562,-40.80000305175781]],\"pressures\":[],\"simulatePressure\":true,\"lastCommittedPoint\":[133.60000610351562,-40.80000305175781]}",
    "{\"id\":\"uuEw7-8UkeT1Gae9Jxi43\",\"type\":\"freedraw\",\"x\":464.8000183105469,\"y\":268.20001220703125,\"width\":123.20001220703125,\"height\":196,\"angle\":0,\"strokeColor\":\"#1e1e1e\",\"backgroundColor\":\"transparent\",\"fillStyle\":\"solid\",\"strokeWidth\":2,\"strokeStyle\":\"solid\",\"roughness\":1,\"opacity\":100,\"groupIds\":[],\"frameId\":null,\"roundness\":null,\"seed\":1807561208,\"version\":36,\"versionNonce\":1775904648,\"isDeleted\":false,\"boundElements\":null,\"updated\":1719927662874,\"link\":null,\"locked\":false,\"points\":[[0,0],[-4,4.79998779296875],[-8.800018310546875,13.600006103515625],[-15.20001220703125,22.399993896484375],[-27.20001220703125,41.600006103515625],[-31.20001220703125,48.79998779296875],[-37.600006103515625,57.600006103515625],[-44,68],[-49.600006103515625,77.60000610351562],[-56,87.19998168945312],[-64,104],[-68.80001831054688,112.79998779296875],[-72,121.60000610351562],[-76.80001831054688,129.60000610351562],[-80.80001831054688,136.79998779296875],[-84,144],[-90.4000244140625,156],[-93.60000610351562,162.40005493164062],[-97.60000610351562,165.60000610351562],[-99.20001220703125,168.79998779296875],[-100.80001831054688,171.19998168945312],[-102.4000244140625,172.79998779296875],[-108.80001831054688,177.60000610351562],[-110.4000244140625,179.19998168945312],[-112.80001831054688,180.79998779296875],[-115.20001220703125,182.40005493164062],[-116.80001831054688,185.60000610351562],[-119.20001220703125,188.79998779296875],[-120.80001831054688,190.40005493164062],[-121.60000610351562,192.79998779296875],[-122.4000244140625,193.60000610351562],[-122.4000244140625,194.40005493164062],[-123.20001220703125,195.19998168945312],[-123.20001220703125,196],[-123.20001220703125,196]],\"pressures\":[],\"simulatePressure\":true,\"lastCommittedPoint\":[-123.20001220703125,196]}"
  ]
}